/*
Navicat MySQL Data Transfer

Source Server         : mysql
Source Server Version : 50622
Source Host           : 127.0.0.1:3306
Source Database       : eShop

Target Server Type    : MYSQL
Target Server Version : 50622
File Encoding         : 65001

Date: 2015-10-30 00:37:57
*/

set foreign_key_checks=0;

-- ----------------------------
-- Table structure for adminuser
-- ----------------------------
drop table if exists `adminuser`;
create table `adminuser` (
  `uid` int(11) not null auto_increment,
  `username` varchar(255) default null,
  `password` varchar(255) default null,
  primary key (`uid`)
) engine=innodb auto_increment=2 default charset=utf8;

-- ----------------------------
-- Records of adminuser
-- ----------------------------
insert into `adminuser` values ('1', 'admin', 'admin');

-- ----------------------------
-- Table structure for category
-- ----------------------------
drop table if exists `category`;
create table `category` (
  `cid` int(11) not null auto_increment,
  `cname` varchar(255) default null,
  primary key (`cid`)
) engine=innodb auto_increment=8 default charset=utf8;

-- ----------------------------
-- Records of category
-- ----------------------------
insert into `category` values ('1', '女装男装');
insert into `category` values ('2', '鞋靴箱包');
insert into `category` values ('3', '运动户外');
insert into `category` values ('4', '珠宝配饰');
insert into `category` values ('5', '手机数码');
insert into `category` values ('6', '家电办公');
insert into `category` values ('7', '护肤彩妆');

-- ----------------------------
-- Table structure for categorysecond
-- ----------------------------
drop table if exists `categorysecond`;
create table `categorysecond` (
  `csid` int(11) not null auto_increment,
  `csname` varchar(255) default null,
  `cid` int(11) default null,
  primary key (`csid`),
  key `FK936FCAF21DB1FD15` (`cid`),
  constraint `FK936FCAF21DB1FD15` foreign key (`cid`) references `category` (`cid`)
) engine=innodb auto_increment=37 default charset=utf8;

-- ----------------------------
-- Records of categorysecond
-- ----------------------------
insert into `categorysecond` values ('1', '潮流女装', '1');
insert into `categorysecond` values ('2', '初冬羽绒', '1');
insert into `categorysecond` values ('3', '毛呢大衣', '1');
insert into `categorysecond` values ('4', '温暖毛衣', '1');
insert into `categorysecond` values ('5', '精选男装', '1');
insert into `categorysecond` values ('6', '冬季外套', '1');
insert into `categorysecond` values ('7', '羽绒服', '1');
insert into `categorysecond` values ('9', '女鞋', '2');
insert into `categorysecond` values ('10', '短靴', '2');
insert into `categorysecond` values ('11', '男鞋', '2');
insert into `categorysecond` values ('12', '女包', '2');
insert into `categorysecond` values ('13', '男包', '2');
insert into `categorysecond` values ('14', '服饰配件', '2');
insert into `categorysecond` values ('15', '运动鞋', '3');
insert into `categorysecond` values ('16', '运动服', '3');
insert into `categorysecond` values ('17', '户外运动', '3');
insert into `categorysecond` values ('18', '健身装备', '3');
insert into `categorysecond` values ('19', '骑行装备', '3');
insert into `categorysecond` values ('20', '珠宝首饰', '4');
insert into `categorysecond` values ('21', '时尚饰品', '4');
insert into `categorysecond` values ('22', '品质手表', '4');
insert into `categorysecond` values ('23', '眼镜配饰', '4');
insert into `categorysecond` values ('24', '手机', '5');
insert into `categorysecond` values ('25', '平板', '5');
insert into `categorysecond` values ('26', '电脑', '5');
insert into `categorysecond` values ('27', '相机', '5');
insert into `categorysecond` values ('28', '大家电', '6');
insert into `categorysecond` values ('29', '厨房电器', '6');
insert into `categorysecond` values ('30', '生活电器', '6');
insert into `categorysecond` values ('31', '个户电器', '6');
insert into `categorysecond` values ('32', '办公耗材', '6');
insert into `categorysecond` values ('33', '美容护肤', '7');
insert into `categorysecond` values ('34', '强效保养', '7');
insert into `categorysecond` values ('35', '超值彩妆', '7');
insert into `categorysecond` values ('36', '换季保养', '7');

-- ----------------------------
-- Table structure for orderitem
-- ----------------------------
drop table if exists `orderitem`;
create table `orderitem` (
  `itemid` int(11) not null auto_increment,
  `count` int(11) default null,
  `subtotal` double default null,
  `oid` int(11) default null,
  `pid` int(11) default null,
  primary key (`itemid`),
  key `FK_j20ulwn7395herx5fobexsp9r` (`oid`),
  key `FK_fesqehk2fei30hu4isqgmm36f` (`pid`),
  constraint `FK_fesqehk2fei30hu4isqgmm36f` foreign key (`pid`) references `product` (`pid`),
  constraint `FK_j20ulwn7395herx5fobexsp9r` foreign key (`oid`) references `orders` (`oid`)
) engine=innodb auto_increment=18 default charset=utf8;

-- ----------------------------
-- Table structure for orders
-- ----------------------------
drop table if exists `orders`;
create table `orders` (
  `oid` int(11) not null auto_increment,
  `addr` varchar(255) default null,
  `name` varchar(255) default null,
  `ordertime` datetime default null,
  `phone` varchar(255) default null,
  `state` int(11) default null,
  `total` double default null,
  `uid` int(11) default null,
  primary key (`oid`),
  key `FK_tk1pibf08nelmar48icf0w8jn` (`uid`),
  constraint `FK_tk1pibf08nelmar48icf0w8jn` foreign key (`uid`) references `user` (`uid`)
) engine=innodb auto_increment=20 default charset=utf8;


-- ----------------------------
-- Table structure for product
-- ----------------------------
drop table if exists `product`;
create table `product` (
  `pid` int(11) not null auto_increment,
  `pname` varchar(255) default null,
  `market_price` double default null,
  `shop_price` double default null,
  `image` varchar(255) default null,
  `pdesc` varchar(255) default null,
  `is_hot` int(11) default null,
  `pdate` datetime default null,
  `csid` int(11) default null,
  primary key (`pid`),
  key `FKED8DCCEFB9B74E02` (`csid`),
  constraint `FKED8DCCEFB9B74E02` foreign key (`csid`) references `categorysecond` (`csid`)
) engine=innodb auto_increment=98 default charset=utf8;

-- ----------------------------
-- Records of product
-- ----------------------------
insert into `product` values ('1', '韩版连帽加厚毛衣女外套', '558', '228', 'products/1/cs10001.jpg', '双11限量200件，拍完下架，加车享优惠，早下手早发货。。秋冬个性中长款毛衣，美丽和温度同在！限量供应，拒绝撞衫！迫于纱线和人工在不断上涨的双重压力下，产品涨价在即！少量现货出售中，手快有，手慢等哦，赶紧抢哦，绝对高大上。', '1', '2014-11-02 20:18:00', '1');
insert into `product` values ('2', '女装立领长袖拼接PU皮毛呢外套', '436', '172', 'products/1/cs10002.jpg', '【现在拍下并支付定金，即可获得双12当天10元无门槛优惠券一张。注：只限有预付定金款~优惠券统一在12月11号发放】 毛呢外套 整洁干练的长款版型 整个肩部给予皮绒拼接 与毛呢一起撑起品质感 立领 长袖 肩部往下做流行加层拼接 一粒扣收合门襟 特意做的夹棉里层（袖里无） 不必再畏惧冷冽寒风', '0', '2014-11-04 20:18:00', '1');
insert into `product` values ('3', '韩版女装翻领羔绒夹棉格子毛呢外套', '238', '119', 'products/1/cs10003.jpg', '外套款。 称为棉衣也不为过 或者因为它的表层毛呢　称呼为毛呢外套 ｙａｎｇ　羔绒位于翻领及袖口 从视觉着手　带来温暖无限 夹棉里衬（袖里也有）再次提升御寒功能 流行元素上　选择红黑格纹理　大气而又经典 金属拉链开叉　插袋自不会少', '0', '2014-10-01 20:18:00', '1');
insert into `product` values ('4', '韩版女装翻领羔绒夹棉格子毛呢外套', '238', '119', 'products/1/cs10004.jpg', '外套款。 称为棉衣也不为过 或者因为它的表层毛呢　称呼为毛呢外套 ｙａｎｇ　羔绒位于翻领及袖口 从视觉着手　带来温暖无限 夹棉里衬（袖里也有）再次提升御寒功能 流行元素上　选择红黑格纹理　大气而又经典 金属拉链开叉　插袋自不会少', '0', '2014-12-07 20:18:00', '1');
insert into `product` values ('5', '韩版女装翻领羔绒夹棉格子毛呢外套', '238', '119', 'products/1/cs10005.jpg', '外套款。 称为棉衣也不为过 或者因为它的表层毛呢　称呼为毛呢外套 ｙａｎｇ　羔绒位于翻领及袖口 从视觉着手　带来温暖无限 夹棉里衬（袖里也有）再次提升御寒功能 流行元素上　选择红黑格纹理　大气而又经典 金属拉链开叉　插袋自不会少', '0', '2014-11-02 20:18:00', '1');
insert into `product` values ('6', '冬装韩版女装翻领羔绒夹棉格子毛呢外套', '238', '119', 'products/1/cs10006.jpg', '外套款。 称为棉衣也不为过 或者因为它的表层毛呢　称呼为毛呢外套 ｙａｎｇ　羔绒位于翻领及袖口 从视觉着手　带来温暖无限 夹棉里衬（袖里也有）再次提升御寒功能 流行元素上　选择红黑格纹理　大气而又经典 金属拉链开叉　插袋自不会少', '0', '2014-11-10 15:18:00', '1');
insert into `product` values ('7', '新款优雅奢华毛领白鸭绒轻薄羽绒服', '1120', '590', 'products/1/cs10007.jpg', '秋冬热卖款，今日特惠！库存有限，卖完即止！喜欢的赶紧出手哦！', '0', '2014-11-03 20:18:00', '1');
insert into `product` values ('8', '秋冬季毛呢外套女中长款圆领小香风呢子大衣', '672', '336', 'products/1/cs10008.jpg', '【双12预售】双12提前开抢，11月24日―12月11日抢先付预付款33.6元，12月12日付剩余尾款，先付先发货，提前引爆双12！！！买就【送】双十二10元无门槛优惠券！！！商家【赠】运费险！！！', '0', '2014-11-03 20:18:00', '1');
insert into `product` values ('9', '女装貉子毛大衣 时尚修身长袖淑女毛呢外套', '238', '119', 'products/1/cs10009.jpg', '秋冬热卖款，今日特惠！库存有限，卖完即止！喜欢的赶紧出手哦！', '0', '2014-11-03 20:18:00', '1');
insert into `product` values ('10', '修身显瘦淑女针织长袖打底连衣裙女', '356', '158', 'products/1/cs10010.jpg', '【1212万能盛典预售抢先购,早买早便宜！】定金15.80元，预售价158.00元，双12价涨价至178.00元!', '0', '2014-11-03 20:18:00', '1');
insert into `product` values ('11', '整貂皮大衣外套中长款收腰立领长袖进口真皮草裘皮', '19800', '9900', 'products/1/cs20001.jpg', '采用100%进口小母貂 毛皮结实柔软毛峰更有光泽 保暖效果极强。　 【正品保证】我们承诺100%整皮水貂 假一罚十 支持验货 无理由退换货 【售后保障】终身免费保养维修', '0', '2014-11-03 20:18:00', '2');
insert into `product` values ('12', '整貂皮大衣外套中长款收腰立领长袖进口真皮草裘皮', '19800', '9900', 'products/1/cs20002.jpg', '采用100%进口小母貂 毛皮结实柔软毛峰更有光泽 保暖效果极强。　 【正品保证】我们承诺100%整皮水貂 假一罚十 支持验货 无理由退换货 【售后保障】终身免费保养维修', '0', '2014-11-03 20:18:00', '2');
insert into `product` values ('13', '整貂皮大衣外套中长款收腰立领长袖进口真皮草裘皮', '19800', '9900', 'products/1/cs20003.jpg', '采用100%进口小母貂 毛皮结实柔软毛峰更有光泽 保暖效果极强。　 【正品保证】我们承诺100%整皮水貂 假一罚十 支持验货 无理由退换货 【售后保障】终身免费保养维修', '0', '2014-11-03 20:18:00', '2');
insert into `product` values ('14', '整貂皮大衣外套中长款收腰立领长袖进口真皮草裘皮', '19800', '9900', 'products/1/cs20004.jpg', '采用100%进口小母貂 毛皮结实柔软毛峰更有光泽 保暖效果极强。　 【正品保证】我们承诺100%整皮水貂 假一罚十 支持验货 无理由退换货 【售后保障】终身免费保养维修', '0', '2014-11-03 20:18:00', '2');
insert into `product` values ('15', '整貂皮大衣外套中长款收腰立领长袖进口真皮草裘皮', '19800', '9900', 'products/1/cs20005.jpg', '采用100%进口小母貂 毛皮结实柔软毛峰更有光泽 保暖效果极强。　 【正品保证】我们承诺100%整皮水貂 假一罚十 支持验货 无理由退换货 【售后保障】终身免费保养维修', '0', '2014-11-03 20:18:00', '2');
insert into `product` values ('16', '整貂皮大衣外套中长款收腰立领长袖进口真皮草裘皮', '19800', '9900', 'products/1/cs20006.jpg', '采用100%进口小母貂 毛皮结实柔软毛峰更有光泽 保暖效果极强。　 【正品保证】我们承诺100%整皮水貂 假一罚十 支持验货 无理由退换货 【售后保障】终身免费保养维修', '0', '2014-11-03 20:18:00', '2');
insert into `product` values ('17', '整貂皮大衣外套中长款收腰立领长袖进口真皮草裘皮', '19800', '9900', 'products/1/cs20007.jpg', '采用100%进口小母貂 毛皮结实柔软毛峰更有光泽 保暖效果极强。　 【正品保证】我们承诺100%整皮水貂 假一罚十 支持验货 无理由退换货 【售后保障】终身免费保养维修', '0', '2014-11-03 20:18:00', '2');
insert into `product` values ('18', '整貂皮大衣外套中长款收腰立领长袖进口真皮草裘皮', '19800', '9900', 'products/1/cs20008.jpg', '采用100%进口小母貂 毛皮结实柔软毛峰更有光泽 保暖效果极强。　 【正品保证】我们承诺100%整皮水貂 假一罚十 支持验货 无理由退换货 【售后保障】终身免费保养维修', '0', '2014-11-03 20:18:00', '2');
insert into `product` values ('19', '整貂皮大衣外套中长款收腰立领长袖进口真皮草裘皮', '19800', '9900', 'products/1/cs20009.jpg', '采用100%进口小母貂 毛皮结实柔软毛峰更有光泽 保暖效果极强。　 【正品保证】我们承诺100%整皮水貂 假一罚十 支持验货 无理由退换货 【售后保障】终身免费保养维修', '0', '2014-10-01 20:18:00', '2');
insert into `product` values ('20', '中长款貂皮大衣整貂女装', '17900', '7290', 'products/1/cs20010.jpg', '采用100%进口小母貂 毛皮结实柔软毛峰更有光泽 保暖效果极强。　 【正品保证】【售后保障】我们承诺100%整皮水貂 假一罚十 支持验货 无理由退换货', '0', '2014-11-03 20:18:00', '2');
insert into `product` values ('21', '韩版毛呢外套女韩范秋冬装厚中长款冬季呢子', '598', '198', 'products/1/cs30001.png', '今年韩国首尔爆款，超高端定制羊毛呢大衣，版型超美，不挑身材，不挑年龄，上身非常漂亮哦，适合任何场合，这个秋冬MM必备款哦。几乎人手一件，美丽时尚的你怎么能少了这件呢，现秋冬预热加十一到来，只需99元包邮，只限今天，今天过后马上涨价，早买早划算哦~', '1', '2014-11-03 20:18:00', '3');
insert into `product` values ('22', '韩版毛呢外套女韩范秋冬装厚中长款冬季呢子', '598', '198', 'products/1/cs30002.png', '今年韩国首尔爆款，超高端定制羊毛呢大衣，版型超美，不挑身材，不挑年龄，上身非常漂亮哦，适合任何场合，这个秋冬MM必备款哦。几乎人手一件，美丽时尚的你怎么能少了这件呢，现秋冬预热加十一到来，只需99元包邮，只限今天，今天过后马上涨价，早买早划算哦~', '0', '2014-11-03 20:18:00', '3');
insert into `product` values ('23', '韩版毛呢外套女韩范秋冬装厚中长款冬季呢子', '598', '198', 'products/1/cs30003.png', '今年韩国首尔爆款，超高端定制羊毛呢大衣，版型超美，不挑身材，不挑年龄，上身非常漂亮哦，适合任何场合，这个秋冬MM必备款哦。几乎人手一件，美丽时尚的你怎么能少了这件呢，现秋冬预热加十一到来，只需99元包邮，只限今天，今天过后马上涨价，早买早划算哦~', '0', '2014-11-03 20:18:00', '3');
insert into `product` values ('24', '韩版毛呢外套女韩范秋冬装厚中长款冬季呢子', '598', '198', 'products/1/cs30004.png', '今年韩国首尔爆款，超高端定制羊毛呢大衣，版型超美，不挑身材，不挑年龄，上身非常漂亮哦，适合任何场合，这个秋冬MM必备款哦。几乎人手一件，美丽时尚的你怎么能少了这件呢，现秋冬预热加十一到来，只需99元包邮，只限今天，今天过后马上涨价，早买早划算哦~', '0', '2014-11-03 20:18:00', '3');
insert into `product` values ('25', '韩版毛呢外套女韩范秋冬装厚中长款冬季呢子', '598', '198', 'products/1/cs30005.png', '今年韩国首尔爆款，超高端定制羊毛呢大衣，版型超美，不挑身材，不挑年龄，上身非常漂亮哦，适合任何场合，这个秋冬MM必备款哦。几乎人手一件，美丽时尚的你怎么能少了这件呢，现秋冬预热加十一到来，只需99元包邮，只限今天，今天过后马上涨价，早买早划算哦~', '0', '2014-11-03 20:18:00', '3');
insert into `product` values ('26', '韩版毛呢外套女韩范秋冬装厚中长款冬季呢子', '598', '198', 'products/1/cs30006.png', '今年韩国首尔爆款，超高端定制羊毛呢大衣，版型超美，不挑身材，不挑年龄，上身非常漂亮哦，适合任何场合，这个秋冬MM必备款哦。几乎人手一件，美丽时尚的你怎么能少了这件呢，现秋冬预热加十一到来，只需99元包邮，只限今天，今天过后马上涨价，早买早划算哦~', '0', '2014-11-03 20:18:00', '3');
insert into `product` values ('27', '韩版毛呢外套女韩范秋冬装厚中长款冬季呢子', '598', '198', 'products/1/cs30007.png', '今年韩国首尔爆款，超高端定制羊毛呢大衣，版型超美，不挑身材，不挑年龄，上身非常漂亮哦，适合任何场合，这个秋冬MM必备款哦。几乎人手一件，美丽时尚的你怎么能少了这件呢，现秋冬预热加十一到来，只需99元包邮，只限今天，今天过后马上涨价，早买早划算哦~', '0', '2014-11-03 20:18:00', '3');
insert into `product` values ('28', '韩版毛呢外套女韩范秋冬装厚中长款冬季呢子', '598', '198', 'products/1/cs30008.png', '今年韩国首尔爆款，超高端定制羊毛呢大衣，版型超美，不挑身材，不挑年龄，上身非常漂亮哦，适合任何场合，这个秋冬MM必备款哦。几乎人手一件，美丽时尚的你怎么能少了这件呢，现秋冬预热加十一到来，只需99元包邮，只限今天，今天过后马上涨价，早买早划算哦~', '0', '2014-11-03 20:18:00', '3');
insert into `product` values ('29', '韩版毛呢外套女韩范秋冬装厚中长款冬季呢子', '598', '198', 'products/1/cs30009.png', '今年韩国首尔爆款，超高端定制羊毛呢大衣，版型超美，不挑身材，不挑年龄，上身非常漂亮哦，适合任何场合，这个秋冬MM必备款哦。几乎人手一件，美丽时尚的你怎么能少了这件呢，现秋冬预热加十一到来，只需99元包邮，只限今天，今天过后马上涨价，早买早划算哦~', '0', '2014-11-03 20:18:00', '3');
insert into `product` values ('30', '韩版毛呢外套女韩范秋冬装厚中长款冬季呢子', '598', '198', 'products/1/cs30010.png', '今年韩国首尔爆款，超高端定制羊毛呢大衣，版型超美，不挑身材，不挑年龄，上身非常漂亮哦，适合任何场合，这个秋冬MM必备款哦。几乎人手一件，美丽时尚的你怎么能少了这件呢，现秋冬预热加十一到来，只需99元包邮，只限今天，今天过后马上涨价，早买早划算哦~', '0', '2014-11-10 20:18:00', '3');
insert into `product` values ('31', '打底衫加厚修身羊毛衫女装羊绒衫', '387', '186', 'products/1/cs40001.png', '本产品 不起球 不掉色 不缩水 是一款贴身必备的厚款羊绒衫 质量保证支持退换', '0', '2014-11-03 20:18:00', '4');
insert into `product` values ('32', '打底衫加厚修身羊毛衫女装羊绒衫', '387', '186', 'products/1/cs40002.png', '本产品 不起球 不掉色 不缩水 是一款贴身必备的厚款羊绒衫 质量保证支持退换', '0', '2014-11-03 20:18:00', '4');
insert into `product` values ('33', '打底衫加厚修身羊毛衫女装羊绒衫', '387', '186', 'products/1/cs40003.png', '本产品 不起球 不掉色 不缩水 是一款贴身必备的厚款羊绒衫 质量保证支持退换', '0', '2014-11-03 20:18:00', '4');
insert into `product` values ('34', '性感时尚 酷感黑色小圆领露肩修身长袖针织衫', '387', '186', 'products/1/cs40004.jpg', '本产品 不起球 不掉色 不缩水 是一款贴身必备的厚款羊绒衫 质量保证支持退换', '0', '2014-11-03 20:18:00', '4');
insert into `product` values ('35', '韩版黑色打底衫加厚修身羊毛衫女装羊绒衫', '387', '186', 'products/1/cs40005.png', '本产品 不起球 不掉色 不缩水 是一款贴身必备的厚款羊绒衫 质量保证支持退换', '1', '2014-11-03 20:18:00', '4');
insert into `product` values ('36', '韩版黑色打底衫加厚修身羊毛衫女装羊绒衫', '387', '186', 'products/1/cs40006.png', '本产品 不起球 不掉色 不缩水 是一款贴身必备的厚款羊绒衫 质量保证支持退换', '0', '2014-11-03 20:18:00', '4');
insert into `product` values ('37', '韩版黑色打底衫加厚修身羊毛衫女装羊绒衫', '387', '186', 'products/1/cs40007.png', '本产品 不起球 不掉色 不缩水 是一款贴身必备的厚款羊绒衫 质量保证支持退换', '0', '2014-11-03 20:18:00', '4');
insert into `product` values ('38', '韩版黑色打底衫加厚修身羊毛衫女装羊绒衫', '387', '186', 'products/1/cs40008.png', '本产品 不起球 不掉色 不缩水 是一款贴身必备的厚款羊绒衫 质量保证支持退换', '0', '2014-11-03 20:18:00', '4');
insert into `product` values ('39', '韩版黑色打底衫加厚修身羊毛衫女装羊绒衫', '387', '186', 'products/1/cs40009.png', '本产品 不起球 不掉色 不缩水 是一款贴身必备的厚款羊绒衫 质量保证支持退换', '0', '2014-11-03 20:18:00', '4');
insert into `product` values ('40', '韩版黑色打底衫加厚修身羊毛衫女装羊绒衫', '387', '186', 'products/1/cs40010.png', '本产品 不起球 不掉色 不缩水 是一款贴身必备的厚款羊绒衫 质量保证支持退换', '0', '2014-11-03 20:18:00', '4');
insert into `product` values ('41', '韩版黑色打底衫加厚修身羊毛衫女装羊绒衫', '387', '186', 'products/1/cs40011.png', '本产品 不起球 不掉色 不缩水 是一款贴身必备的厚款羊绒衫 质量保证支持退换', '1', '2014-11-03 20:18:00', '4');
insert into `product` values ('42', '冬装外套棉衣立领修身商务大码男装潮牌上衣', '899', '358', 'products/1/cs50001.png', '【型男卖点简介】该款凭借其独特的设计、精选的面料和一致的时尚理念，以质感都市，充满时尚感的设计风格， 简约毛呢大衣，修身不变形，不起球，国际大牌一样的面料！面料成分：77.8%聚酯纤维+22.2%粘纤 秋冬简约修身防静电呢风衣外套', '1', '2014-11-03 20:18:00', '5');
insert into `product` values ('43', '冬装外套棉衣立领修身商务大码男装潮牌上衣', '899', '358', 'products/1/cs50002.png', '【型男卖点简介】该款凭借其独特的设计、精选的面料和一致的时尚理念，以质感都市，充满时尚感的设计风格， 简约毛呢大衣，修身不变形，不起球，国际大牌一样的面料！面料成分：77.8%聚酯纤维+22.2%粘纤 秋冬简约修身防静电呢风衣外套', '0', '2014-11-03 20:18:00', '5');
insert into `product` values ('44', '冬装外套棉衣立领修身商务大码男装潮牌上衣', '899', '358', 'products/1/cs50003.png', '【型男卖点简介】该款凭借其独特的设计、精选的面料和一致的时尚理念，以质感都市，充满时尚感的设计风格， 简约毛呢大衣，修身不变形，不起球，国际大牌一样的面料！面料成分：77.8%聚酯纤维+22.2%粘纤 秋冬简约修身防静电呢风衣外套', '1', '2014-11-03 20:18:00', '5');
insert into `product` values ('45', '冬装外套棉衣立领修身商务大码男装潮牌上衣', '899', '358', 'products/1/cs50004.png', '【型男卖点简介】该款凭借其独特的设计、精选的面料和一致的时尚理念，以质感都市，充满时尚感的设计风格， 简约毛呢大衣，修身不变形，不起球，国际大牌一样的面料！面料成分：77.8%聚酯纤维+22.2%粘纤 秋冬简约修身防静电呢风衣外套', '0', '2014-12-07 20:18:00', '5');
insert into `product` values ('46', '冬装外套棉衣立领修身商务大码男装潮牌上衣', '899', '358', 'products/1/cs50005.png', '【型男卖点简介】该款凭借其独特的设计、精选的面料和一致的时尚理念，以质感都市，充满时尚感的设计风格， 简约毛呢大衣，修身不变形，不起球，国际大牌一样的面料！面料成分：77.8%聚酯纤维+22.2%粘纤 秋冬简约修身防静电呢风衣外套', '0', '2014-11-03 20:18:00', '5');
insert into `product` values ('47', '冬装外套棉衣立领修身商务大码男装潮牌上衣', '899', '358', 'products/1/cs50006.png', '【型男卖点简介】该款凭借其独特的设计、精选的面料和一致的时尚理念，以质感都市，充满时尚感的设计风格， 简约毛呢大衣，修身不变形，不起球，国际大牌一样的面料！面料成分：77.8%聚酯纤维+22.2%粘纤 秋冬简约修身防静电呢风衣外套', '1', '2014-11-03 20:18:00', '5');
insert into `product` values ('48', '冬装外套棉衣立领修身商务大码男装潮牌上衣', '899', '358', 'products/1/cs50007.png', '【型男卖点简介】该款凭借其独特的设计、精选的面料和一致的时尚理念，以质感都市，充满时尚感的设计风格， 简约毛呢大衣，修身不变形，不起球，国际大牌一样的面料！面料成分：77.8%聚酯纤维+22.2%粘纤 秋冬简约修身防静电呢风衣外套', '0', '2014-11-03 20:18:00', '5');
insert into `product` values ('49', '冬装外套棉衣立领修身商务大码男装潮牌上衣', '899', '358', 'products/1/cs50008.png', '【型男卖点简介】该款凭借其独特的设计、精选的面料和一致的时尚理念，以质感都市，充满时尚感的设计风格， 简约毛呢大衣，修身不变形，不起球，国际大牌一样的面料！面料成分：77.8%聚酯纤维+22.2%粘纤 秋冬简约修身防静电呢风衣外套', '0', '2014-11-03 20:18:00', '5');
insert into `product` values ('50', '冬装外套棉衣立领修身商务大码男装潮牌上衣', '899', '358', 'products/1/cs50009.png', '【型男卖点简介】该款凭借其独特的设计、精选的面料和一致的时尚理念，以质感都市，充满时尚感的设计风格， 简约毛呢大衣，修身不变形，不起球，国际大牌一样的面料！面料成分：77.8%聚酯纤维+22.2%粘纤 秋冬简约修身防静电呢风衣外套', '0', '2014-11-03 20:18:00', '5');
insert into `product` values ('51', '冬装外套棉衣立领修身商务大码男装潮牌上衣', '899', '358', 'products/1/cs50010.png', '【型男卖点简介】该款凭借其独特的设计、精选的面料和一致的时尚理念，以质感都市，充满时尚感的设计风格， 简约毛呢大衣，修身不变形，不起球，国际大牌一样的面料！面料成分：77.8%聚酯纤维+22.2%粘纤 秋冬简约修身防静电呢风衣外套', '1', '2014-12-07 20:18:00', '5');
insert into `product` values ('52', '商务修身羊毛呢子风衣 中长款呢大衣外套', '997', '299', 'products/1/cs60001.png', '冬装新品首发！大牌做工，顶级羊毛呢面料，穿着舒适保暖，冬季潮男必备品！新品预售价299元，预计涨到398！不要拿市场上那些低劣的毛呢大衣相比较，一分价钱一分货哦！买到就是赚到，支持7天无理由退换货，尺码不对，可享受免费换货！', '0', '2014-11-03 20:18:00', '6');
insert into `product` values ('53', '商务修身羊毛呢子风衣 中长款呢大衣外套', '997', '299', 'products/1/cs60002.png', '冬装新品首发！大牌做工，顶级羊毛呢面料，穿着舒适保暖，冬季潮男必备品！新品预售价299元，预计涨到398！不要拿市场上那些低劣的毛呢大衣相比较，一分价钱一分货哦！买到就是赚到，支持7天无理由退换货，尺码不对，可享受免费换货！', '1', '2014-11-03 20:18:00', '6');
insert into `product` values ('54', '商务修身羊毛呢子风衣 中长款呢大衣外套', '997', '299', 'products/1/cs60003.png', '冬装新品首发！大牌做工，顶级羊毛呢面料，穿着舒适保暖，冬季潮男必备品！新品预售价299元，预计涨到398！不要拿市场上那些低劣的毛呢大衣相比较，一分价钱一分货哦！买到就是赚到，支持7天无理由退换货，尺码不对，可享受免费换货！', '0', '2014-11-03 20:18:00', '6');
insert into `product` values ('55', '商务修身羊毛呢子风衣 中长款呢大衣外套', '997', '299', 'products/1/cs60004.png', '冬装新品首发！大牌做工，顶级羊毛呢面料，穿着舒适保暖，冬季潮男必备品！新品预售价299元，预计涨到398！不要拿市场上那些低劣的毛呢大衣相比较，一分价钱一分货哦！买到就是赚到，支持7天无理由退换货，尺码不对，可享受免费换货！', '0', '2014-11-03 20:18:00', '6');
insert into `product` values ('56', '商务修身羊毛呢子风衣 中长款呢大衣外套', '997', '299', 'products/1/cs60005.png', '冬装新品首发！大牌做工，顶级羊毛呢面料，穿着舒适保暖，冬季潮男必备品！新品预售价299元，预计涨到398！不要拿市场上那些低劣的毛呢大衣相比较，一分价钱一分货哦！买到就是赚到，支持7天无理由退换货，尺码不对，可享受免费换货！', '0', '2014-11-03 20:18:00', '6');
insert into `product` values ('57', '商务修身羊毛呢子风衣 中长款呢大衣外套', '997', '299', 'products/1/cs60006.png', '冬装新品首发！大牌做工，顶级羊毛呢面料，穿着舒适保暖，冬季潮男必备品！新品预售价299元，预计涨到398！不要拿市场上那些低劣的毛呢大衣相比较，一分价钱一分货哦！买到就是赚到，支持7天无理由退换货，尺码不对，可享受免费换货！', '1', '2014-12-07 22:18:00', '6');
insert into `product` values ('58', '商务修身羊毛呢子风衣 中长款呢大衣外套', '997', '299', 'products/1/cs60007.png', '冬装新品首发！大牌做工，顶级羊毛呢面料，穿着舒适保暖，冬季潮男必备品！新品预售价299元，预计涨到398！不要拿市场上那些低劣的毛呢大衣相比较，一分价钱一分货哦！买到就是赚到，支持7天无理由退换货，尺码不对，可享受免费换货！', '0', '2014-11-03 20:18:00', '6');
insert into `product` values ('59', '商务修身羊毛呢子风衣 中长款呢大衣外套', '997', '299', 'products/1/cs60008.png', '冬装新品首发！大牌做工，顶级羊毛呢面料，穿着舒适保暖，冬季潮男必备品！新品预售价299元，预计涨到398！不要拿市场上那些低劣的毛呢大衣相比较，一分价钱一分货哦！买到就是赚到，支持7天无理由退换货，尺码不对，可享受免费换货！', '0', '2014-11-03 20:18:00', '6');
insert into `product` values ('60', '商务修身羊毛呢子风衣 中长款呢大衣外套', '997', '299', 'products/1/cs60009.png', '冬装新品首发！大牌做工，顶级羊毛呢面料，穿着舒适保暖，冬季潮男必备品！新品预售价299元，预计涨到398！不要拿市场上那些低劣的毛呢大衣相比较，一分价钱一分货哦！买到就是赚到，支持7天无理由退换货，尺码不对，可享受免费换货！', '1', '2014-12-02 20:18:00', '6');
insert into `product` values ('61', '商务修身羊毛呢子风衣 中长款呢大衣外套', '997', '299', 'products/1/cs60010.png', '冬装新品首发！大牌做工，顶级羊毛呢面料，穿着舒适保暖，冬季潮男必备品！新品预售价299元，预计涨到398！不要拿市场上那些低劣的毛呢大衣相比较，一分价钱一分货哦！买到就是赚到，支持7天无理由退换货，尺码不对，可享受免费换货！', '0', '2014-11-03 20:18:00', '6');
insert into `product` values ('62', '韩版修身羽绒服加厚保暖可脱卸帽', '198', '83', 'products/1/cs70001.png', '羽绒棉服，保暖性比普通棉服高出3倍，价格合适，比羽绒服便宜3倍，超高性价比～～现亏本冲业绩，活动过后涨价为198元哦，亲们速抢～～！！', '1', '2014-11-03 20:18:00', '7');
insert into `product` values ('63', '韩版修身羽绒服加厚保暖可脱卸帽', '198', '83', 'products/1/cs70002.png', '羽绒棉服，保暖性比普通棉服高出3倍，价格合适，比羽绒服便宜3倍，超高性价比～～现亏本冲业绩，活动过后涨价为198元哦，亲们速抢～～！！', '1', '2014-11-03 20:18:00', '7');
insert into `product` values ('64', '韩版修身羽绒服加厚保暖可脱卸帽', '198', '83', 'products/1/cs70003.png', '羽绒棉服，保暖性比普通棉服高出3倍，价格合适，比羽绒服便宜3倍，超高性价比～～现亏本冲业绩，活动过后涨价为198元哦，亲们速抢～～！！', '0', '2014-11-03 20:18:00', '7');
insert into `product` values ('65', '韩版修身羽绒服加厚保暖可脱卸帽', '198', '83', 'products/1/cs70004.png', '羽绒棉服，保暖性比普通棉服高出3倍，价格合适，比羽绒服便宜3倍，超高性价比～～现亏本冲业绩，活动过后涨价为198元哦，亲们速抢～～！！', '1', '2014-11-03 20:18:00', '7');
insert into `product` values ('66', '韩版修身羽绒服加厚保暖可脱卸帽', '198', '83', 'products/1/cs70005.png', '羽绒棉服，保暖性比普通棉服高出3倍，价格合适，比羽绒服便宜3倍，超高性价比～～现亏本冲业绩，活动过后涨价为198元哦，亲们速抢～～！！', '0', '2014-11-03 20:18:00', '7');
insert into `product` values ('67', '韩版修身羽绒服加厚保暖可脱卸帽', '198', '83', 'products/1/cs70006.png', '羽绒棉服，保暖性比普通棉服高出3倍，价格合适，比羽绒服便宜3倍，超高性价比～～现亏本冲业绩，活动过后涨价为198元哦，亲们速抢～～！！', '1', '2014-11-03 20:18:00', '7');
insert into `product` values ('68', '韩版修身羽绒服加厚保暖可脱卸帽', '198', '83', 'products/1/cs70007.png', '羽绒棉服，保暖性比普通棉服高出3倍，价格合适，比羽绒服便宜3倍，超高性价比～～现亏本冲业绩，活动过后涨价为198元哦，亲们速抢～～！！', '1', '2014-12-04 20:18:00', '7');
insert into `product` values ('69', '韩版修身羽绒服加厚保暖可脱卸帽', '198', '83', 'products/1/cs70008.png', '羽绒棉服，保暖性比普通棉服高出3倍，价格合适，比羽绒服便宜3倍，超高性价比～～现亏本冲业绩，活动过后涨价为198元哦，亲们速抢～～！！', '1', '2014-11-03 20:18:00', '7');
insert into `product` values ('70', '韩版修身羽绒服加厚保暖可脱卸帽', '198', '83', 'products/1/cs70009.png', '羽绒棉服，保暖性比普通棉服高出3倍，价格合适，比羽绒服便宜3倍，超高性价比～～现亏本冲业绩，活动过后涨价为198元哦，亲们速抢～～！！', '0', '2014-11-03 20:18:00', '7');
insert into `product` values ('71', '韩版修身羽绒服加厚保暖可脱卸帽', '198', '83', 'products/1/cs70010.png', '羽绒棉服，保暖性比普通棉服高出3倍，价格合适，比羽绒服便宜3倍，超高性价比～～现亏本冲业绩，活动过后涨价为198元哦，亲们速抢～～！！', '1', '2014-11-03 20:18:00', '7');
insert into `product` values ('72', '新款夏凉鞋平底舒适夹趾百搭女鞋子平跟薄底潮', '345', '200', 'products/2/100101.png', '该商品参与了公益宝贝计划，卖家承诺每笔成交将为爱心包裹贫困儿童关爱行动捐赠0.1元。该商品已累积捐赠3900笔。', '0', '2015-08-06 15:02:08', '10');
insert into `product` values ('81', '女鞋蝴蝶结真皮单鞋一脚蹬懒人鞋', '555', '343', 'products/2/100102.png', '品牌：Kapsen/卡普森鞋底材质：橡胶开口深度：浅口鞋头款式：圆头跟底款式：坡跟闭合方式：系带鞋制作工艺：胶粘鞋款式：松糕鞋', '1', '2015-08-06 15:02:08', '10');
insert into `product` values ('82', '女鞋镂空网状水晶鱼嘴凉鞋厚底坡跟高跟凉拖', '5345', '34', 'products/2/100103.png', '品牌：Kapsen/卡普森鞋底材质：橡胶开口深度：浅口鞋头款式：圆头跟底款式：坡跟闭合方式：系带鞋制作工艺：胶粘鞋款式：松糕鞋', '1', '2014-08-12 15:10:17', '10');
insert into `product` values ('83', '女鞋春款厚底鞋拼色双拉链休闲鞋韩版坡跟球鞋女', '345', '123', 'products/2/100104.png', '现商场专柜特价促销！专柜正品代购，支持验货，百分百正品，本店全部专柜实物拍摄，可能有些图片会有光线色差的效果！但是亲可以放心，鞋子百分之百是专柜货，专柜原包装盒，零风0购物，品质保证，售后保障。本店支持无理由退货！', '1', '2013-08-05 15:11:21', '10');
insert into `product` values ('84', '真皮厚底乐福鞋一脚蹬懒人鞋韩版松糕鞋女鞋单鞋潮', '324', '134', 'products/2/100105.png', '现商场专柜特价促销！专柜正品代购，支持验货，百分百正品，本店全部专柜实物拍摄，可能有些图片会有光线色差的效果！但是亲可以放心，鞋子百分之百是专柜货，专柜原包装盒，零风0购物，品质保证，售后保障。本店支持无理由退货！', '0', '2011-07-15 15:12:40', '10');
insert into `product` values ('85', '新款夏凉鞋平底舒适夹趾百搭女鞋子平跟薄底潮', '345', '200', 'products/2/10001.png', '该商品参与了公益宝贝计划，卖家承诺每笔成交将为爱心包裹贫困儿童关爱行动捐赠0.1元。该商品已累积捐赠3900笔。', '0', '2012-08-06 15:02:08', '9');
insert into `product` values ('86', '女鞋蝴蝶结真皮单鞋一脚蹬懒人鞋', '555', '343', 'products/2/10002.png', '品牌：Kapsen/卡普森鞋底材质：橡胶开口深度：浅口鞋头款式：圆头跟底款式：坡跟闭合方式：系带鞋制作工艺：胶粘鞋款式：松糕鞋', '0', '2013-08-06 15:02:08', '9');
insert into `product` values ('87', '女鞋镂空网状水晶鱼嘴凉鞋厚底坡跟高跟凉拖', '5345', '34', 'products/2/10003.png', '品牌：Kapsen/卡普森鞋底材质：橡胶开口深度：浅口鞋头款式：圆头跟底款式：坡跟闭合方式：系带鞋制作工艺：胶粘鞋款式：松糕鞋', '1', '2013-08-12 15:10:17', '9');
insert into `product` values ('88', '女鞋春款厚底鞋拼色双拉链休闲鞋韩版坡跟球鞋女', '345', '123', 'products/2/10004.png', '现商场专柜特价促销！专柜正品代购，支持验货，百分百正品，本店全部专柜实物拍摄，可能有些图片会有光线色差的效果！但是亲可以放心，鞋子百分之百是专柜货，专柜原包装盒，零风0购物，品质保证，售后保障。本店支持无理由退货！', '1', '2014-08-05 15:11:21', '9');
insert into `product` values ('89', '真皮厚底乐福鞋一脚蹬懒人鞋韩版松糕鞋女鞋单鞋潮', '324', '134', 'products/2/10005.png', '现商场专柜特价促销！专柜正品代购，支持验货，百分百正品，本店全部专柜实物拍摄，可能有些图片会有光线色差的效果！但是亲可以放心，鞋子百分之百是专柜货，专柜原包装盒，零风0购物，品质保证，售后保障。本店支持无理由退货！', '0', '2013-07-15 15:12:40', '9');
insert into `product` values ('90', '真实的世界眼镜', '456', '366', 'products/2/10006.png', '现商场专柜特价促销！专柜正品代购，支持验货，百分百正品，本店全部专柜实物拍摄，可能有些图片会有光线色差的效果！但是亲可以放心，鞋子百分之百是专柜货，专柜原包装盒，零风0购物，品质保证，售后保障。本店支持无理由退货！', '0', '2015-10-20 22:11:28', '23');
insert into `product` values ('91', '阳光眼镜', '1234', '366', 'products/2/10007.png', '现商场专柜特价促销！专柜正品代购，支持验货，百分百正品，本店全部专柜实物拍摄，可能有些图片会有光线色差的效果！但是亲可以放心，鞋子百分之百是专柜货，专柜原包装盒，零风0购物，品质保证，售后保障。本店支持无理由退货！', '0', '2013-07-15 15:12:40', '23');
insert into `product` values ('92', '新华眼镜', '345', '189', 'products/2/10008.png', '现商场专柜特价促销！专柜正品代购，支持验货，百分百正品，本店全部专柜实物拍摄，可能有些图片会有光线色差的效果！但是亲可以放心，鞋子百分之百是专柜货，专柜原包装盒，零风0购物，品质保证，售后保障。本店支持无理由退货！', '0', '2013-07-15 15:12:40', '23');
insert into `product` values ('93', '佳能眼镜', '454', '124', 'products/2/10009.png', '现商场专柜特价促销！专柜正品代购，支持验货，百分百正品，本店全部专柜实物拍摄，可能有些图片会有光线色差的效果！但是亲可以放心，鞋子百分之百是专柜货，专柜原包装盒，零风0购物，品质保证，售后保障。本店支持无理由退货！', '0', '2013-07-15 15:12:40', '23');
insert into `product` values ('94', '劳力士手表，纯手工制造', '19990', '18000', 'products/2/10011.png', '现商场专柜特价促销！专柜正品代购，支持验货，百分百正品，本店全部专柜实物拍摄，可能有些图片会有光线色差的效果！但是亲可以放心，鞋子百分之百是专柜货，专柜原包装盒，零风0购物，品质保证，售后保障。本店支持无理由退货！', '1', '2015-10-28 22:17:36', '22');
insert into `product` values ('95', '劳力士手表，纯手工制造', '19990', '18000', 'products/2/10012.png', '现商场专柜特价促销！专柜正品代购，支持验货，百分百正品，本店全部专柜实物拍摄，可能有些图片会有光线色差的效果！但是亲可以放心，鞋子百分之百是专柜货，专柜原包装盒，零风0购物，品质保证，售后保障。本店支持无理由退货！', '0', '2013-07-15 15:12:40', '22');
insert into `product` values ('96', '劳力士手表，纯手工制造', '19990', '18000', 'products/2/10013.png', '现商场专柜特价促销！专柜正品代购，支持验货，百分百正品，本店全部专柜实物拍摄，可能有些图片会有光线色差的效果！但是亲可以放心，鞋子百分之百是专柜货，专柜原包装盒，零风0购物，品质保证，售后保障。本店支持无理由退货！', '0', '2013-07-15 15:12:40', '22');
insert into `product` values ('97', '劳力士手表，纯手工制造', '19990', '18000', 'products/2/10014.png', '现商场专柜特价促销！专柜正品代购，支持验货，百分百正品，本店全部专柜实物拍摄，可能有些图片会有光线色差的效果！但是亲可以放心，鞋子百分之百是专柜货，专柜原包装盒，零风0购物，品质保证，售后保障。本店支持无理由退货！', '0', '2013-07-15 15:12:40', '22');

-- ----------------------------
-- Table structure for user
-- ----------------------------
drop table if exists `user`;
create table `user` (
  `uid` int(11) not null auto_increment,
  `username` varchar(255) default null,
  `password` varchar(255) default null,
  `name` varchar(255) default null,
  `email` varchar(255) default null,
  `phone` varchar(255) default null,
  `addr` varchar(255) default null,
  `state` int(11) default null,
  `code` varchar(64) default null,
  primary key (`uid`)
) engine=innodb auto_increment=37 default charset=utf8;

-- ----------------------------
-- Records of user
-- ----------------------------
insert into `user` values ('1', 'root', 'root', 'root', 'root@qq.com', '15566778899', '北京市朝阳区', '1', '34324232321');
insert into `user` values ('2', 'zwb', 'zwb', 'zwb', 'zwb@live.com', '13344556677', '芜湖市弋江区', '1', '34324232322');

